{
  "name": "MM Design System Color Palette",
  "description": "Complete color system for Measured Managed applications",
  "version": "1.0.0",
  "colors": {
    "primary": {
      "blue": {
        "hex": "#00A1FE",
        "rgb": "rgb(0, 161, 254)",
        "hsl": "hsl(202, 100%, 50%)",
        "usage": "Primary brand color, CTAs, active states, highlights",
        "cssVar": "--color-mm-blue",
        "tailwindClass": "bg-mm-blue, text-mm-blue, border-mm-blue"
      }
    },
    "neutrals": {
      "dark": {
        "hex": "#1f1f1f",
        "rgb": "rgb(31, 31, 31)",
        "hsl": "hsl(0, 0%, 12%)",
        "usage": "Main background, primary surface",
        "cssVar": "--color-mm-dark",
        "tailwindClass": "bg-mm-dark, text-mm-dark, border-mm-dark"
      },
      "dark2": {
        "hex": "#2a2a2a",
        "rgb": "rgb(42, 42, 42)",
        "hsl": "hsl(0, 0%, 16%)",
        "usage": "Elevated surfaces, cards, modals",
        "cssVar": "--color-mm-dark2",
        "tailwindClass": "bg-mm-dark2, text-mm-dark2, border-mm-dark2"
      },
      "gray": {
        "hex": "#ababab",
        "rgb": "rgb(171, 171, 171)",
        "hsl": "hsl(0, 0%, 67%)",
        "usage": "Secondary text, borders, placeholders, inactive states",
        "cssVar": "--color-mm-gray",
        "tailwindClass": "bg-mm-gray, text-mm-gray, border-mm-gray"
      },
      "white": {
        "hex": "#ffffff",
        "rgb": "rgb(255, 255, 255)",
        "hsl": "hsl(0, 0%, 100%)",
        "usage": "Primary text, icons, high contrast elements",
        "cssVar": "--color-mm-white",
        "tailwindClass": "bg-mm-white, text-mm-white, border-mm-white"
      }
    },
    "semantic": {
      "error": {
        "hex": "#ff6b6b",
        "rgb": "rgb(255, 107, 107)",
        "hsl": "hsl(0, 100%, 71%)",
        "usage": "Error states, validation messages",
        "cssVar": "--color-error",
        "tailwindClass": "text-error"
      },
      "success": {
        "hex": "#51cf66",
        "rgb": "rgb(81, 207, 102)",
        "hsl": "hsl(130, 58%, 56%)",
        "usage": "Success states, confirmations",
        "cssVar": "--color-success",
        "tailwindClass": "text-success"
      },
      "warning": {
        "hex": "#00A1FE",
        "rgb": "rgb(0, 161, 254)",
        "hsl": "hsl(202, 100%, 50%)",
        "usage": "Warning states (uses primary blue)",
        "cssVar": "--color-mm-blue",
        "tailwindClass": "text-warning"
      }
    }
  },
  "colorMixing": {
    "description": "Dynamic color mixing using CSS color-mix() for transparency effects",
    "examples": {
      "glassMorphism": "color-mix(in srgb, var(--color-mm-dark) 80%, transparent)",
      "subtleBorders": "color-mix(in srgb, var(--color-mm-gray) 20%, transparent)",
      "hoverStates": "color-mix(in srgb, var(--color-mm-blue) 30%, transparent)",
      "focusRings": "color-mix(in srgb, var(--color-mm-blue) 20%, transparent)"
    }
  },
  "accessibility": {
    "contrastRatios": {
      "yellowOnDark": "AAA compliant",
      "whiteOnDark": "AAA compliant",
      "grayOnDark": "AA compliant",
      "darkOnYellow": "AAA compliant"
    },
    "colorBlindness": "Yellow primary ensures visibility for most color vision deficiencies"
  }
}